insert into sucursal values( '001', 'Sipan', 'Av. Balta 1456', 1 , 25);
insert into sucursal values( '002', 'Chan Chan', 'Jr. Independencia 456', 1 ,36);
insert into sucursal values( '003', 'Los Olivos', 'Av. Central 1234', 1 ,64);
insert into sucursal values( '004', 'Pardo', 'Av. Pardo 345 - Miraflores', 1 ,84);
insert into sucursal values( '005', 'Misti', 'Bolivar 546', 1 , 3);
insert into sucursal values( '006', 'Machupicchu', 'Calle El Sol 534', 1 , 15);
insert into sucursal values( '007', 'La Sucursal Del Campo Sas', '122 Fallview Park', 1 , 25);
insert into sucursal values( '008', 'Sucursal Alianza S A S', '80247 Prairieview Road', 1 , 36);
insert into sucursal values( '009', 'Sucursal Premier S A S', 'Calle 36 23', 1 , 255);
insert into sucursal values( '010', 'Sucursal Bolinco Colombia', 'Carrera 24 97', 1 , 95);
insert into sucursal values( '011', 'Sucursal Tizor Colombia', 'Carrera 24 9', 1 , 6);
insert into sucursal values( '012', 'Sucursal 1291 Group Latam S A', 'Carrera 2 45', 1 , 12);
insert into sucursal values( '013', 'Trupe', 'Avenida 36 23', 1 , 13);
insert into sucursal values( '014', 'Gevee', 'Carrera 39 4', 1 , 16);
insert into sucursal values( '015', 'Ntag', 'Calle 45 32', 1 , 25);
insert into sucursal values( '016', 'Jabberbean', 'Carrera 30 3', 1 , 56);
insert into sucursal values( '017', 'Cogidoo', 'Calle 49 942', 1 , 65);
insert into sucursal values( '018', 'Bubblebox', 'Carrera 29 21', 1 , 65);
insert into sucursal values( '019', 'Wikivu', 'Calle 59 95', 1 , 626);
insert into sucursal values( '020', 'Skipfire', 'Calle 59 9', 1 , 65);
insert into sucursal values( '021', 'Photobug', 'Calle 5 9', 1 , 20);
insert into sucursal values( '022', 'Wikizz', 'Carrera 85 3', 1 , 36);
insert into sucursal values( '023', 'Mydo', 'Carrera 85 32', 1 , 28);
insert into sucursal values( '024', 'Youspan', 'Carrera 81 58', 1 , 282);
insert into sucursal values( '025', 'Kwilith', 'Calle 69 36', 1 , 64);
insert into sucursal values( '026', 'Edgeclub', 'Calle 56 72', 1 , 6);
insert into sucursal values( '027', 'Eidel', 'Calle 56 7', 1 , 62);
insert into sucursal values( '028', 'Rooxymo', 'Carrera 29 34', 1 , 26);
insert into sucursal values( '029', 'Livetube', 'Carrera 2 859', 1 , 865);
insert into sucursal values( '030', 'Yabox', 'Carrera 19 92', 1 , 65);
insert into sucursal values( '031', 'Twinder', 'Carrera 23 34', 1 , 25);
insert into sucursal values( '032', 'Gabtune', 'Calle 23 32', 1 , 35);
insert into sucursal values( '033', 'Skyvu', 'Carrera 23 9', 1 , 19);
insert into sucursal values( '034', 'Trudoo', 'Calle 23 98', 1 , 126);
insert into sucursal values( '035', 'Edgeblab', 'Carrera 29 09', 1 , 365);
insert into sucursal values( '036', 'Divavu', 'Calle 23 34', 1 , 25);
insert into sucursal values( '037', 'Flipstorm', 'Carrera 28 94', 1 , 95);
insert into sucursal values( '038', 'Leexo', 'Calle 23 32', 1 , 75);
insert into sucursal values( '039', 'Dablist', 'Calle 2 21', 1 , 85);
insert into sucursal values( '040', 'Jetwire', 'Calle 22 49', 1 , 78);
insert into sucursal values( '041', 'Rooxo', 'Calle 93 39', 1 , 66);
insert into sucursal values( '042', 'Mynte', 'Calle 9 29', 1 , 38);
insert into sucursal values( '043', 'Oyoyo', 'Calle 90 02', 1 , 28);
insert into sucursal values( '044', 'Shufflester', 'Carrera 29 03 ', 1 , 165);
insert into sucursal values( '045', 'Blogspan', 'Carrera 2 20', 1 , 842);
insert into sucursal values( '046', 'Topdrive', 'Carrera 29 92', 1 , 635);
insert into sucursal values( '047', 'Meemm', 'Calle 29 93', 1 , 28);
insert into sucursal values( '048', 'Aimbu', 'Calle 29 2', 1 , 34);
insert into sucursal values( '049', 'Linklinks', 'Calle 148 34', 1 , 263);
insert into sucursal values( '050', 'Sk--ajo', 'Carrera 23 03', 1 , 25);
insert into sucursal values( '051', 'La Sucursal De La Moda S A S', 'Carrera 23 03', 1 , 15);

INSERT INTO usuario VALUES(1, 'internet', 'internet');
INSERT INTO usuario VALUES(2, 'cromero', 'chicho');
INSERT INTO usuario VALUES(3, 'lcastro', 'suerte');
INSERT INTO usuario VALUES(4, 'creyes', 'linda');
INSERT INTO usuario VALUES(5, 'aramos', 'china');
INSERT INTO usuario VALUES(6, 'cvalencia', 'angel');
INSERT INTO usuario VALUES(7, 'rcruz', 'cerebro');
INSERT INTO usuario VALUES(8, 'gtorres', 'talento');

INSERT INTO empleado VALUES( '9999', 'Internet', 'Internet', 'internet' , 'internet' , 1 , 1);
INSERT INTO empleado VALUES( '0001', 'Romero', 'Castillo', 'Carlos Alberto' , 'Call1 1 Nro. 456', 15, 2);
INSERT INTO empleado VALUES( '0002', 'Castro', 'Vargas', 'Lidia' , 'Federico Villarreal 456 - SMP', 115, 3);
INSERT INTO empleado VALUES( '0003', 'Reyes', 'Ortiz', 'Claudia', 'Av. Aviación 3456 - San Borja', 80, 4);
INSERT INTO empleado VALUES( '0004', 'Ramos', 'Garibay', 'Angelica', 'Calle Barcelona 345', 350 , 5);
INSERT INTO empleado VALUES( '0005', 'Ruiz', 'Zabaleta', 'Claudia', 'Calle Cruz Verde 364', 850, 6);
INSERT INTO empleado VALUES( '0006', 'Cruz', 'Tarazona', 'Ricardo', 'Calle La Gruta 304', 1095, 7);
INSERT INTO empleado VALUES( '0007', 'Torres', 'Diaz', 'Guino', 'Av. Salaverry 1416' , 92, 8);

insert into Asignado values( '000001', '001', '0001', to_date('20070101','YYYYMMDD'), to_date('20071231','YYYYMMDD') );
insert into Asignado values( '000002', '002', '0005', to_date('20070101','YYYYMMDD'), to_date('20071231','YYYYMMDD') );
insert into Asignado values( '000003', '001', '0004', to_date('20080101','YYYYMMDD'), null );
insert into Asignado values( '000004', '002', '0001', to_date('20080101','YYYYMMDD'), null );
insert into Asignado values( '000005', '003', '0002', to_date('20080101','YYYYMMDD'), null );
insert into Asignado values( '000006', '004', '0003', to_date('20070101','YYYYMMDD'), to_date('20071231','YYYYMMDD') );
insert into Asignado values( '000007', '005', '0006', to_date('20080101','YYYYMMDD'), null );
insert into Asignado values( '000008', '006', '0005', to_date('20080101','YYYYMMDD'), null );
insert into Asignado values( '000009', '004', '0007', to_date('20080101','YYYYMMDD'), null );

insert into moneda values ( '01', 'Pesos Colombianos' );
insert into moneda values ( '02', 'Dolares' );

insert into cliente values( '00001', 'CORONEL', 'CASTILLO', 'ERIC GUSTAVO', '06914897', 'LOS OLIVOS', '9666-4457', 'gcoronel@viabcp.com', 10);
insert into cliente values( '00002', 'VALENCIA', 'MORALES', 'PEDRO HUGO', '01576173', 'MAGDALENA', '924-7834', 'pvalencia@terra.com.pe', 11);
insert into cliente values( '00003', 'MARCELO', 'VILLALOBOS', 'RICARDO', '10762367', 'LINCE', '993-62966', 'ricardomarcelo@hotmail.com', 21);
insert into cliente values( '00004', 'ROMERO', 'CASTILLO', 'CARLOS ALBERTO', '06531983', 'LOS OLIVOS', '865-84762', 'c.romero@hotmail.com', 111);
insert into cliente values( '00005', 'ARANDA', 'LUNA', 'ALAN ALBERTO', '10875611', 'SAN ISIDRO', '834-67125', 'a.aranda@hotmail.com', 51);
insert into cliente values( '00006', 'AYALA', 'PAZ', 'JORGE LUIS', '10679245', 'SAN BORJA', '963-34769', 'j.ayala@yahoo.com', 512);
insert into cliente values( '00007', 'CHAVEZ', 'CANALES', 'EDGAR RAFAEL', '10145693', 'MIRAFLORES', '999-96673', 'e.chavez@gmail.com', 62);
insert into cliente values( '00008', 'FLORES', 'CHAFLOQUE', 'ROSA LIZET', '10773456', 'LA MOLINA', '966-87567', 'r.florez@hotmail.com', 625);
insert into cliente values( '00009', 'FLORES', 'SHUTE', 'CRISTIAN RAFAEL', '10346723', 'LOS OLIVOS', '978-43768', 'c.flores@hotmail.com', 325);
insert into cliente values( '00010', 'GONZALES', 'GARCIA', 'GABRIEL ALEJANDRO', '10192376', 'SAN MIGUEL', '945-56782', 'g.gonzales@yahoo.es', 35);
insert into cliente values( '00011', 'LAY', 'VALLEJOS', 'JUAN CARLOS', '10942287', 'LINCE', '956-12657', 'j.lay@peru.com', 350);
insert into cliente values( '00012', 'MONTALVO', 'SOTO', 'DEYSI LIDIA', '10612376', 'SURCO', '965-67235', 'd.montalvo@hotmail.com', 1);
insert into cliente values( '00013', 'RICALDE', 'RAMIREZ', 'ROSARIO ESMERALDA', '10761324', 'MIRAFLORES', '991-23546', 'r.ricalde@gmail.com', 5);
insert into cliente values( '00014', 'RODRIGUEZ', 'RAMOS', 'ENRIQUE MANUEL', '10773345', 'LINCE', '976-82838', 'e.rodriguez@gmail.com', 36);
insert into cliente values( '00015', 'ROJAS', 'OSCANOA', 'FELIX NINO', '10238943', 'Carrera 16', '962-32158', 'f.rojas@yahoo.com', 98);
insert into cliente values( '00016', 'TEJADA', 'DEL AGUILA', 'TANIA LORENA', '10446791', 'PUEBLO LIBRE', '966-23854', 't.tejada@hotmail.com', 741);
insert into cliente values( '00017', 'VALDEVIESO', 'LEYVA', 'ROXANA', '10452682', 'SURCO', '956-78951', 'r.valdivieso@terra.com.pe', 635);
insert into cliente values( '00018', 'VALENTIN', 'COTRINA', 'JUAN DIEGO', '10398247', 'LA MOLINA', '921-12456', 'j.valentin@terra.com.pe', 65);
insert into cliente values( '00019', 'YAURICASA', 'BAUTISTA', 'YESABETH', '10934584', 'MAGDALENA', '977-75777', 'y.yauricasa@terra.com.pe', 103);
insert into cliente values( '00020', 'ZEGARRA', 'GARCIA', 'FERNANDO MOISES', '10772365', 'SAN ISIDRO', '936-45876', 'f.zegarra@hotmail.com', 1000);
insert into cliente values( '00021', 'GUADALUPE', 'Rabson', 'Rafaello', '12654', 'Porto', '3237797606', 'r.rabson@hotmail.com', 965);
insert into cliente values( '00022', 'Yitzhakof', 'Yakob', 'Abigale', '12655', 'Leiria', '8047113554', 'y.abigale@hotmail.com', 95);
insert into cliente values( '00023', 'Towriss', 'Folland', 'Stanislaus', '12656', 'England', '6735475605', 'yf.folland@hotmail.com', 45);
insert into cliente values( '00024', 'Rutley', 'Mattingson', 'Sydney', '12658', 'Chiapas', '5334109901', 'm.mattingosn@hotmail.com', 66);
insert into cliente values( '00025', 'Baccas', 'Kirkam', 'Arvy', '1265', 'California', '9712045347', 'k.arvy@hotmail.com', 23);
insert into cliente values( '00026', 'Plows', 'Storer', 'Herby', '12145', 'Braga', '5584640899', 's.herby@hotmail.com', 156);
insert into cliente values( '00027', 'De Vries', 'Spitell', 'Valencia', '12133', 'Wisconsin', '4813375904', 'f.valencia@hotmail.com', 236);
insert into cliente values( '00028', 'Downage', 'Spitell', 'Margette', '1215', 'Québec', '6555283993', 'x.spiteel@hotmail.com', 654);
insert into cliente values( '00029', 'Chatelain', 'Christaeas', 'Filmer', '1255', 'Dakota', '3341576841', 'v.12a@hotmail.com', 1);
insert into cliente values( '00030', 'Proffer', 'Thompkins', 'Erminie', '1233', '0530 Blue Bill Park Alley', '4983609265', 'b.erminie@hotmail.com', 25);
insert into cliente values( '00031', 'Balogh', 'Franken', 'Bree', '1245651', '76 Lien Center', '7115492967', 'n.bree@hotmail.com', 36);
insert into cliente values( '00032', 'Younghusband', 'Ovell', 'Colleen', '12454651', '65095 Roth Avenue', '9281568425', 'r.ovell@hotmail.com', 453);
insert into cliente values( '00033', 'Marusik', 'Sore', 'Griffith', '451', 'North ', '5474531052', 'f.sore@hotmail.com', 65);
insert into cliente values( '00034', 'Gwyn', 'Flecknoe', 'Kennith', '135', '63 Boyd Road', '7023208632', 'g.keni@hotmail.com', 36);
insert into cliente values( '00035', 'Shevell', 'Theaker', 'Zandra', '3665', '052 Farmco Drive', '5997565947', 'h.zandra@hotmail.com', 95);
insert into cliente values( '00036', 'Miskimmon', 'Hastings', 'Joellen', '12315', '92 Maple Wood Circle', '3092122592', 'h.joe@hotmail.com', 756);
insert into cliente values( '00037', 'Graeme', 'Markham', 'Hector', '156', 'Limburg', '7931943737', 'h.hector@hotmail.com', 865);
insert into cliente values( '00038', 'Cole', 'Saunton', 'Jory', '5151', '021 Hayes Point', '8602343837', 'h.jory@hotmail.com', 163);
insert into cliente values( '00039', 'Wadeling', 'Mansuer', 'Dale', '555056', '234 Pine View Circle', '8275499402', 'h.dale@hotmail.com', 995);
insert into cliente values( '00040', 'Pelzer', 'Mallan', 'Sheela', '50565155', 'Provincie ', '8275499402', 'h.sheela@hotmail.com', 165);
insert into cliente values( '00041', 'Dallyn', 'Quinane', 'Stanly', '55156511', 'Alpes', '1652183818', 'h.santly@hotmail.com', 395);
insert into cliente values( '00042', 'Bicheno', 'Brettell', 'Magdalena', '55156588', '91590 Mesta Court', '9869580622', 'h.magda@hotmail.com', 456);
insert into cliente values( '00043', 'Ovens', 'McCaig', 'Peggie', '5515654', '674 Bobwhite Terrace', '6061639247', 'h.peggie@hotmail.com', 157);
insert into cliente values( '00044', 'Luesley', 'Yearns', 'Arlyn', '55156544', 'Viseu', '2552323473', 'h.arlyn@hotmail.com', 1001);
insert into cliente values( '00045', 'Giacubbo', 'Tripe', 'Prudi', '5515066', '76 Lien Center', '2474850417', 'h.kirk@hotmail.com', 1002);
insert into cliente values( '00046', 'Widdows', 'Seston', 'Kirk', '55145', '6 7th Alley', '8111667902', 'q.althea@hotmail.com', 105);
insert into cliente values( '00047', 'Arguile', 'Cinnamond', 'Althea', '10516', '118 Sullivan Place', '6909166313', 'e.prudy@hotmail.com', 65);
insert into cliente values( '00048', 'Ishak', 'Bleas', 'Dorothy', '105', '9 Thierer Point', '1432650735', 's.bleas@hotmail.com', 35);
insert into cliente values( '00049', 'Twatt', 'Pendrey', 'Linn', '195', '42 Westend Crossing', '9234991107', 'v.pendrey@hotmail.com', 156);
insert into cliente values( '00050', 'Prater', 'Galbreth', 'Cosmo', '196632', '0530 Blue Bill Park Alley', '7492018056', 'u.cosmo@hotmail.com', 35);
insert into cliente values( '00051', 'Cherm', 'Brugger', 'Byram', '190854', '1 Schiller Circle', '1491458878', 'q.byram@hotmail.com', 398);
insert into cliente values( '00052', 'Dutson', 'Jennrich', 'Chrissy', '19664', '420 Melrose Way', '3952791379', 'i.dutson@hotmail.com', 165);

insert into cuenta values('00100001','01','001','0004','00005',6900,to_date('20080106 16:27:48','YYYYMMDD HH24:MI:SS'),'ACTIVO',8,'123456');
insert into cuenta values('00100002','02','001','0004','00005',4500,to_date('20080108 14:21:12','YYYYMMDD HH24:MI:SS'),'ACTIVO',5,'123456');
insert into cuenta values('00200001','01','002','0001','00008',7000,to_date('20080105 13:15:30','YYYYMMDD HH24:MI:SS'),'ACTIVO',16,'123456');
insert into cuenta values('00200002','01','002','0001','00001',6800,to_date('20080109 10:30:25','YYYYMMDD HH24:MI:SS'),'ACTIVO',4,'123456');
insert into cuenta values('00200003','02','002','0001','00007',6000,to_date('20080111 15:45:12','YYYYMMDD HH24:MI:SS'),'ACTIVO',7,'123456');
insert into cuenta values('00300001','01','003','0002','00010',0000,to_date('20080107 12:45:12','YYYYMMDD HH24:MI:SS'),'CANCELADO',3,'123456');
insert into cuenta values('00400001','01','038','9999','00052',1500,to_date('20220118 22:45:00','YYYYMMDD HH24:MI:SS'),'ACTIVO',3,'123456');
insert into cuenta values('00500001','02','007','0001','00016',0500,to_date('20190622 20:00:12','YYYYMMDD HH24:MI:SS'),'CANCELADO',3,'123456');
insert into cuenta values('00600001','01','034','0002','00012',0600,to_date('20180821 16:30:30','YYYYMMDD HH24:MI:SS'),'CANCELADO',3,'123456');
insert into cuenta values('00700001','01','002','0003','00022',0800,to_date('20210929 15:00:12','YYYYMMDD HH24:MI:SS'),'ACTIVO',3,'123456');
insert into cuenta values('00800001','01','001','0003','00038',1000,to_date('20200820 14:00:20','YYYYMMDD HH24:MI:SS'),'CANCELADO',3,'123456');
insert into cuenta values('00900001','01','022','0004','00045',2000,to_date('20180206 12:45:12','YYYYMMDD HH24:MI:SS'),'ACTIVO',3,'123456');
insert into cuenta values('01000001','02','047','0001','00020',5000,to_date('20190112 09:45:02','YYYYMMDD HH24:MI:SS'),'CANCELADO',3,'123456');
insert into cuenta values('01100001','01','036','0002','00050',4600,to_date('20190325 05:15:22','YYYYMMDD HH24:MI:SS'),'CANCELADO',3,'123456');
insert into cuenta values('01200001','01','022','0005','00052',9000,to_date('20180404 08:45:12','YYYYMMDD HH24:MI:SS'),'ACTIVO',3,'123456');
insert into cuenta values('01300001','01','048','0002','00051',6500,to_date('20170615 10:45:12','YYYYMMDD HH24:MI:SS'),'CANCELADO',3,'123456');
insert into cuenta values('01400001','01','027','0002','00010',0500,to_date('20220718 09:50:12','YYYYMMDD HH24:MI:SS'),'CANCELADO',3,'123456');
insert into cuenta values('01500001','01','029','0006','00034',0530,to_date('20210913 12:45:15','YYYYMMDD HH24:MI:SS'),'ACTIVO',3,'123456');
insert into cuenta values('01600001','01','043','0002','00012',9500,to_date('20200722 05:30:12','YYYYMMDD HH24:MI:SS'),'CANCELADO',3,'123456');
insert into cuenta values('01700001','02','013','0007','00009',8100,to_date('20221215 19:30:12','YYYYMMDD HH24:MI:SS'),'CANCELADO',3,'123456');
insert into cuenta values('01800001','01','007','0002','00003',3500,to_date('20210313 15:45:00','YYYYMMDD HH24:MI:SS'),'CANCELADO',3,'123456');
insert into cuenta values('01900001','01','003','0007','00001',3200,to_date('20201006 17:00:12','YYYYMMDD HH24:MI:SS'),'ACTIVO',3,'123456');

insert into TipoMovimiento values( '001', 'Apertura de Cuenta', 'INGRESO', 'ACTIVO' );
insert into TipoMovimiento values( '002', 'Cancelar Cuenta', 'SALIDA', 'ACTIVO' );
insert into TipoMovimiento values( '003', 'Deposito', 'INGRESO', 'ACTIVO' );
insert into TipoMovimiento values( '004', 'Retiro', 'SALIDA', 'ACTIVO' );
insert into TipoMovimiento values( '005', 'Interes', 'INGRESO', 'ACTIVO' );
insert into TipoMovimiento values( '006', 'Mantenimiento', 'SALIDA', 'ACTIVO' );
insert into TipoMovimiento values( '007', 'ITF', 'SALIDA', 'ACTIVO' );
insert into TipoMovimiento values( '008', 'Transferencia', 'INGRESO', 'ACTIVO' );
insert into TipoMovimiento values( '009', 'Transferencia', 'SALIDA', 'ACTIVO' );
insert into TipoMovimiento values( '010', 'Cargo por Movimiento', 'SALIDA', 'ACTIVO' );

insert into movimiento values('00100001',01,to_date('20080106 16:27:48','YYYYMMDD HH24:MI:SS'),'0004','001',2800,null);
insert into movimiento values('00100001',02,to_date('20080115 13:47:31','YYYYMMDD HH24:MI:SS'),'0004','003',3200,null);
insert into movimiento values('00100001',03,to_date('20080120 17:11:15','YYYYMMDD HH24:MI:SS'),'0004','004',0800,null);
insert into movimiento values('00100001',04,to_date('20080214 12:12:12','YYYYMMDD HH24:MI:SS'),'0004','003',2000,null);
insert into movimiento values('00100001',05,to_date('20080225 15:45:23','YYYYMMDD HH24:MI:SS'),'0004','004',0500,null);
insert into movimiento values('00100001',06,to_date('20080303 11:17:19','YYYYMMDD HH24:MI:SS'),'0004','004',0800,null);
insert into movimiento values('00100001',07,to_date('20080315 13:26:39','YYYYMMDD HH24:MI:SS'),'0004','003',1000,null);
insert into movimiento values('00100002',01,to_date('20080108 14:21:12','YYYYMMDD HH24:MI:SS'),'0004','001',1800,null);
insert into movimiento values('00100002',02,to_date('20080125 15:15:15','YYYYMMDD HH24:MI:SS'),'9999','004',1000,null);
insert into movimiento values('00100002',03,to_date('20080213 11:12:56','YYYYMMDD HH24:MI:SS'),'0005','003',2200,null);
insert into movimiento values('00100002',04,to_date('20080308 10:21:12','YYYYMMDD HH24:MI:SS'),'0004','003',1500,null);
insert into movimiento values('00200001',01,to_date('20080105 13:15:30','YYYYMMDD HH24:MI:SS'),'0001','001',5000,null);
insert into movimiento values('00200001',02,to_date('20080107 12:14:18','YYYYMMDD HH24:MI:SS'),'0007','003',4000,null);
insert into movimiento values('00200001',03,to_date('20080109 09:34:12','YYYYMMDD HH24:MI:SS'),'0001','004',2000,null);
insert into movimiento values('00200001',04,to_date('20080111 11:11:11','YYYYMMDD HH24:MI:SS'),'0001','003',1000,null);
insert into movimiento values('00200001',05,to_date('20080113 16:16:16','YYYYMMDD HH24:MI:SS'),'0006','003',2000,null);
insert into movimiento values('00200001',06,to_date('20080115 14:15:16','YYYYMMDD HH24:MI:SS'),'0001','004',4000,null);
insert into movimiento values('00200001',07,to_date('20080119 18:34:12','YYYYMMDD HH24:MI:SS'),'0001','003',2000,null);
insert into movimiento values('00200001',08,to_date('20080121 16:34:18','YYYYMMDD HH24:MI:SS'),'0001','004',3000,null);
insert into movimiento values('00200001',09,to_date('20080123 10:23:56','YYYYMMDD HH24:MI:SS'),'0001','003',7000,null);
insert into movimiento values('00200001',10,to_date('20080127 09:12:56','YYYYMMDD HH24:MI:SS'),'0001','004',1000,null);
insert into movimiento values('00200001',11,to_date('20080130 16:34:50','YYYYMMDD HH24:MI:SS'),'9999','004',3000,null);
insert into movimiento values('00200001',12,to_date('20080204 16:12:21','YYYYMMDD HH24:MI:SS'),'0004','003',2000,null);
insert into movimiento values('00200001',13,to_date('20080208 17:21:23','YYYYMMDD HH24:MI:SS'),'0001','004',4000,null);
insert into movimiento values('00200001',14,to_date('20080213 14:17:45','YYYYMMDD HH24:MI:SS'),'0002','003',2000,null);
insert into movimiento values('00200001',15,to_date('20080219 17:32:23','YYYYMMDD HH24:MI:SS'),'0001','004',1000,null);
insert into movimiento values('00200002',01,to_date('20080109 10:30:25','YYYYMMDD HH24:MI:SS'),'0001','001',3800,null);
insert into movimiento values('00200002',02,to_date('20080120 14:56:23','YYYYMMDD HH24:MI:SS'),'0001','003',4200,null);
insert into movimiento values('00200002',03,to_date('20080306 13:58:58','YYYYMMDD HH24:MI:SS'),'0001','004',1200,null);
insert into movimiento values('00200003',01,to_date('20080111 15:45:12','YYYYMMDD HH24:MI:SS'),'0001','001',2500,null);
insert into movimiento values('00200003',02,to_date('20080117 14:17:12','YYYYMMDD HH24:MI:SS'),'0001','003',1500,null);
insert into movimiento values('00200003',03,to_date('20080120 14:12:12','YYYYMMDD HH24:MI:SS'),'0001','004',0500,null);
insert into movimiento values('00200003',04,to_date('20080209 15:45:34','YYYYMMDD HH24:MI:SS'),'0001','004',0500,null);
insert into movimiento values('00200003',05,to_date('20080225 11:18:20','YYYYMMDD HH24:MI:SS'),'0001','003',3500,null);
insert into movimiento values('00200003',06,to_date('20080311 10:56:23','YYYYMMDD HH24:MI:SS'),'0001','004',0500,null);
insert into movimiento values('00300001',01,to_date('20080107 12:45:12','YYYYMMDD HH24:MI:SS'),'0002','001',5600,null);
insert into movimiento values('00300001',02,to_date('20080118 11:17:12','YYYYMMDD HH24:MI:SS'),'0002','003',1400,null);
insert into movimiento values('00300001',03,to_date('20080125 15:12:12','YYYYMMDD HH24:MI:SS'),'0002','002',7000,null);
insert into movimiento values('00400001',01,to_date('20211107 12:45:12','YYYYMMDD HH24:MI:SS'),'0004','001',6200,null);
insert into movimiento values('00400001',02,to_date('20220318 11:17:12','YYYYMMDD HH24:MI:SS'),'0006','003',1500,null);
insert into movimiento values('00400001',03,to_date('20200225 15:12:12','YYYYMMDD HH24:MI:SS'),'9999','002',7800,null);
insert into movimiento values('00500001',01,to_date('20190407 12:45:12','YYYYMMDD HH24:MI:SS'),'0001','001',5600,null);
insert into movimiento values('00500001',02,to_date('20200818 11:17:12','YYYYMMDD HH24:MI:SS'),'0002','002',0400,null);
insert into movimiento values('00500001',03,to_date('20210725 15:12:12','YYYYMMDD HH24:MI:SS'),'0004','003',1800,null);
insert into movimiento values('00600001',01,to_date('20221103 12:45:12','YYYYMMDD HH24:MI:SS'),'0005','001',5600,null);
insert into movimiento values('00600001',02,to_date('20191019 11:17:12','YYYYMMDD HH24:MI:SS'),'0007','002',1000,null);
insert into movimiento values('00600001',03,to_date('20220820 15:12:12','YYYYMMDD HH24:MI:SS'),'0006','002',8000,null);
insert into movimiento values('00700001',01,to_date('20210707 12:45:12','YYYYMMDD HH24:MI:SS'),'9999','001',5600,null);
insert into movimiento values('00700001',02,to_date('20200821 11:17:12','YYYYMMDD HH24:MI:SS'),'0001','003',0700,null);
insert into movimiento values('00700001',03,to_date('20220909 15:12:12','YYYYMMDD HH24:MI:SS'),'0005','002',0900,null);
insert into movimiento values('00800001',01,to_date('20200804 12:45:12','YYYYMMDD HH24:MI:SS'),'0004','001',5600,null);
insert into movimiento values('00800001',02,to_date('20220719 11:17:12','YYYYMMDD HH24:MI:SS'),'0003','003',1600,null);
insert into movimiento values('00800001',03,to_date('20221224 15:12:12','YYYYMMDD HH24:MI:SS'),'9999','002',5000,null);

insert into Parametro values( '001', 'ITF - Impuesto a la Transacciones Financieras', '0.08', 'ACTIVO' );
insert into Parametro values( '002', 'Número de Operaciones Sin Costo', '15', 'ACTIVO' );

insert into InteresMensual values ( '01', 0.70 );
insert into InteresMensual values ( '02', 0.60 );

insert into CostoMovimiento values ( '01', 2.00 );
insert into CostoMovimiento values ( '02', 0.60 );

insert into cargomantenimiento values ( '01', 3500.00, 7.00 );
insert into cargomantenimiento values ( '02', 1200.00, 2.50 );

insert into Contador Values( 'Moneda', 2, 2 );
insert into Contador Values( 'TipoMovimiento', 10, 3 );
insert into Contador Values( 'Sucursal', 6, 3 );
insert into Contador Values( 'Empleado', 6, 4 );
insert into Contador Values( 'Asignado', 6, 6 );
insert into Contador Values( 'Parametro', 2, 3 );
insert into Contador Values( 'Cliente', 21, 5 );

--Actualizar contadores

update cuenta
set int_cuencontmov = (SELECT count(int_movinumero)
FROM movimiento
WHERE movimiento.CHR_CUENCODIGO = CUENTA.chr_cuencodigo);

update contador
set int_contitem = (select count(*) from cliente)
where vch_conttabla = 'Cliente';

update contador
set int_contitem = (select count(*) from empleado where chr_emplcodigo <> '9999')
where vch_conttabla = 'Empleado';

update contador
set int_contitem = (select count(*) from sucursal)
where vch_conttabla = 'Sucursal';

update contador
set int_contitem = (select count(*) from TipoMovimiento)
where vch_conttabla = 'TipoMovimiento';

update contador
set int_contitem = (select count(*) from Moneda)
where vch_conttabla = 'Moneda';

update contador
set int_contitem = (select count(*) from Asignado)
where vch_conttabla = 'Asignado';

update contador
set int_contitem = (select count(*) from Parametro)
where vch_conttabla = 'Parametro';

update sucursal
set int_sucucontcuenta =
(select count(*) from cuenta
where cuenta.chr_sucucodigo=sucursal.chr_sucucodigo);

commit;